/*
 Navicat MySQL Data Transfer

 Source Server         : 193.112.75.77
 Source Server Type    : MariaDB
 Source Server Version : 100504
 Source Host           : 193.112.75.77:13308
 Source Schema         : adnc_usr_dev

 Target Server Type    : MariaDB
 Target Server Version : 100504
 File Encoding         : 65001

 Date: 25/11/2020 20:11:50
*/

SET NAMES utf8mb4;
SET FOREIGN_KEY_CHECKS = 0;

-- ----------------------------
-- Table structure for SysDept
-- ----------------------------
DROP TABLE IF EXISTS `SysDept`;
CREATE TABLE `SysDept`  (
  `ID` bigint(20) NOT NULL AUTO_INCREMENT,
  `CreateBy` bigint(20) NULL DEFAULT NULL COMMENT '创建人',
  `CreateTime` datetime(6) NULL DEFAULT NULL,
  `ModifyBy` bigint(20) NULL DEFAULT NULL COMMENT '最后更新人',
  `ModifyTime` datetime(6) NULL DEFAULT NULL,
  `FullName` varchar(32) CHARACTER SET utf8mb4 COLLATE utf8mb4_general_ci NULL DEFAULT NULL,
  `Num` int(11) NULL DEFAULT NULL,
  `Pid` bigint(20) NULL DEFAULT NULL,
  `Pids` varchar(80) CHARACTER SET utf8mb4 COLLATE utf8mb4_general_ci NULL DEFAULT NULL,
  `SimpleName` varchar(16) CHARACTER SET utf8mb4 COLLATE utf8mb4_general_ci NULL DEFAULT NULL,
  `Tips` varchar(64) CHARACTER SET utf8mb4 COLLATE utf8mb4_general_ci NULL DEFAULT NULL,
  `Version` int(11) NULL DEFAULT NULL,
  PRIMARY KEY (`ID`) USING BTREE
) ENGINE = InnoDB AUTO_INCREMENT = 51604765917208 CHARACTER SET = utf8 COLLATE = utf8_general_ci COMMENT = '部门' ROW_FORMAT = Dynamic;

-- ----------------------------
-- Records of SysDept
-- ----------------------------
INSERT INTO `SysDept` VALUES (1600000001000, 1600000000000, '2020-11-24 01:22:27.000000', 1600000000000, '2020-11-25 18:30:11.883723', '总公司', 1, 0, '[0],', '总公司', NULL, NULL);
INSERT INTO `SysDept` VALUES (1606155294001, 1600000000000, '2020-11-24 02:14:54.675010', 1600000000000, '2020-11-25 18:30:12.626299', '财务部', 1, 1600000001000, '[0],[1600000001000],', '财务部', NULL, NULL);
INSERT INTO `SysDept` VALUES (1606155335002, 1600000000000, '2020-11-24 02:15:35.476720', 1600000000000, '2020-11-25 18:30:12.656185', '研发部', 2, 1600000001000, '[0],[1600000001000],', '研发部', NULL, NULL);
INSERT INTO `SysDept` VALUES (1606155393003, 1600000000000, '2020-11-24 02:16:33.336059', 1600000000000, '2020-11-25 18:30:12.942248', 'csharp组', 1, 1606155335002, '[0],[1600000001000],[1606155335002],', 'csharp组', NULL, NULL);
INSERT INTO `SysDept` VALUES (1606155436004, 1600000000000, '2020-11-24 02:17:16.395601', 1600000000000, '2020-11-25 18:30:12.965782', 'api组', 1, 1606155393003, '[0],[1600000001000],[1606155335002],[1606155393003],', 'api组', NULL, NULL);
INSERT INTO `SysDept` VALUES (1606155536005, 1600000000000, '2020-11-24 02:18:57.087888', 1600000000000, '2020-11-25 19:29:44.248620', '第一组', 3, 1606155393003, '[0],[1600000001000],[1606155335002],[1606155393003],', '第一组', NULL, NULL);

-- ----------------------------
-- Table structure for SysMenu
-- ----------------------------
DROP TABLE IF EXISTS `SysMenu`;
CREATE TABLE `SysMenu`  (
  `ID` bigint(20) NOT NULL AUTO_INCREMENT,
  `CreateBy` bigint(20) NULL DEFAULT NULL COMMENT '创建人',
  `CreateTime` datetime(6) NULL DEFAULT NULL,
  `ModifyBy` bigint(20) NULL DEFAULT NULL COMMENT '最后更新人',
  `ModifyTime` datetime(6) NULL DEFAULT NULL,
  `Code` varchar(16) CHARACTER SET utf8mb4 COLLATE utf8mb4_general_ci NULL DEFAULT NULL,
  `Component` varchar(64) CHARACTER SET utf8mb4 COLLATE utf8mb4_general_ci NULL DEFAULT NULL,
  `Hidden` bit(1) NULL DEFAULT NULL COMMENT '是否隐藏',
  `Icon` varchar(16) CHARACTER SET utf8mb4 COLLATE utf8mb4_general_ci NULL DEFAULT NULL,
  `IsMenu` bit(1) NOT NULL COMMENT '是否是菜单1:菜单,0:按钮',
  `IsOpen` bit(1) NULL DEFAULT NULL COMMENT '是否默认打开1:是,0:否',
  `Levels` int(11) NOT NULL COMMENT '级别',
  `Name` varchar(16) CHARACTER SET utf8mb4 COLLATE utf8mb4_general_ci NULL DEFAULT NULL,
  `Num` int(11) NOT NULL COMMENT '顺序',
  `PCode` varchar(16) CHARACTER SET utf8mb4 COLLATE utf8mb4_general_ci NULL DEFAULT NULL,
  `PCodes` varchar(128) CHARACTER SET utf8 COLLATE utf8_general_ci NULL DEFAULT NULL COMMENT '递归父级菜单编号',
  `Status` bit(1) NOT NULL COMMENT '状态1:启用,0:禁用',
  `Tips` varchar(32) CHARACTER SET utf8 COLLATE utf8_general_ci NULL DEFAULT NULL COMMENT '鼠标悬停提示信息',
  `Url` varchar(64) CHARACTER SET utf8mb4 COLLATE utf8mb4_general_ci NULL DEFAULT NULL,
  PRIMARY KEY (`ID`) USING BTREE,
  UNIQUE INDEX `UK_s37unj3gh67ujhk83lqva8i1t`(`Code`) USING BTREE
) ENGINE = InnoDB AUTO_INCREMENT = 61605679534227 CHARACTER SET = utf8 COLLATE = utf8_general_ci COMMENT = '菜单' ROW_FORMAT = Dynamic;

-- ----------------------------
-- Records of SysMenu
-- ----------------------------
INSERT INTO `SysMenu` VALUES (1600000000001, NULL, NULL, 1600000000000, '2020-11-25 17:52:23.067660', 'usr', 'layout', b'0', 'peoples', b'1', NULL, 1, '用户中心', 1, '0', '[0],', b'1', NULL, '/usr');
INSERT INTO `SysMenu` VALUES (1600000000003, 1600000000000, '2020-08-08 08:08:08.888888', 1600000000000, '2020-08-08 08:08:08.888888', 'maintain', 'layout', b'0', 'operation', b'1', NULL, 1, '运维中心', 2, '0', '[0],', b'1', NULL, '/maintain');
INSERT INTO `SysMenu` VALUES (1600000000004, NULL, NULL, 1600000000000, '2020-11-25 00:21:11.459114', 'user', 'views/usr/user/index', b'0', 'user', b'1', NULL, 2, '用户管理', 1, 'usr', '[0],[usr]', b'1', NULL, '/user');
INSERT INTO `SysMenu` VALUES (1600000000005, NULL, NULL, 1600000000000, '2020-11-25 00:21:23.738379', 'userAdd', NULL, b'0', '', b'0', NULL, 3, '添加用户', 1, 'user', '[0],[usr][user]', b'1', NULL, '/user/add');
INSERT INTO `SysMenu` VALUES (1600000000006, NULL, NULL, 1600000000000, '2020-11-25 00:21:44.038549', 'userEdit', NULL, b'0', '', b'0', NULL, 3, '修改用户', 2, 'user', '[0],[usr][user]', b'1', NULL, '/user/edit');
INSERT INTO `SysMenu` VALUES (1600000000007, 1600000000000, '2020-08-08 08:08:08.888888', 1600000000000, '2020-08-08 08:08:08.888888', 'userDelete', NULL, b'0', NULL, b'0', b'0', 3, '删除用户', 3, 'user', '[0],[usr],[user],', b'1', NULL, '/user/delete');
INSERT INTO `SysMenu` VALUES (1600000000008, 1600000000000, '2020-08-08 08:08:08.888888', 1600000000000, '2020-08-08 08:08:08.888888', 'userReset', NULL, b'0', NULL, b'0', b'0', 3, '重置密码', 4, 'user', '[0],[usr],[user],', b'1', NULL, '/user/reset');
INSERT INTO `SysMenu` VALUES (1600000000009, NULL, NULL, 1600000000000, '2020-11-25 00:21:48.244064', 'userFreeze', NULL, b'0', '', b'0', NULL, 3, '冻结用户', 5, 'user', '[0],[usr][user]', b'1', NULL, '/user/freeze');
INSERT INTO `SysMenu` VALUES (1600000000010, 1600000000000, '2020-08-08 08:08:08.888888', 1600000000000, '2020-08-08 08:08:08.888888', 'userUnfreeze', NULL, b'0', NULL, b'0', b'0', 3, '解除冻结用户', 6, 'user', '[0],[usr],[user],', b'1', NULL, '/user/unfreeze');
INSERT INTO `SysMenu` VALUES (1600000000011, 1600000000000, '2020-08-08 08:08:08.888888', 1600000000000, '2020-08-08 08:08:08.888888', 'userSetRole', NULL, b'0', NULL, b'0', b'0', 3, '分配角色', 7, 'user', '[0],[usr],[user],', b'1', NULL, '/user/setRole');
INSERT INTO `SysMenu` VALUES (1600000000012, 1600000000000, '2020-08-08 08:08:08.888888', 1600000000000, '2020-08-08 08:08:08.888888', 'role', 'views/usr/role/index', b'0', 'people', b'1', NULL, 2, '角色管理', 2, 'usr', '[0],[usr]', b'1', NULL, '/role');
INSERT INTO `SysMenu` VALUES (1600000000013, 1600000000000, '2020-08-08 08:08:08.888888', 1600000000000, '2020-08-08 08:08:08.888888', 'roleAdd', NULL, b'0', NULL, b'0', b'0', 3, '添加角色', 1, 'role', '[0],[usr],[role],', b'1', NULL, '/role/add');
INSERT INTO `SysMenu` VALUES (1600000000014, 1600000000000, '2020-08-08 08:08:08.888888', 1600000000000, '2020-08-08 08:08:08.888888', 'roleEdit', NULL, b'0', NULL, b'0', b'0', 3, '修改角色', 2, 'role', '[0],[usr],[role],', b'1', NULL, '/role/edit');
INSERT INTO `SysMenu` VALUES (1600000000015, 1600000000000, '2020-08-08 08:08:08.888888', 1600000000000, '2020-08-08 08:08:08.888888', 'roleDelete', NULL, b'0', NULL, b'0', NULL, 3, '删除角色', 3, 'role', '[0],[usr],[role]', b'1', NULL, '/role/delete');
INSERT INTO `SysMenu` VALUES (1600000000016, 1600000000000, '2020-08-08 08:08:08.888888', 1600000000000, '2020-08-08 08:08:08.888888', 'roleSetAuthority', NULL, b'0', NULL, b'0', b'0', 3, '配置权限', 4, 'role', '[0],[usr],[role],', b'1', NULL, '/role/setAuthority');
INSERT INTO `SysMenu` VALUES (1600000000017, 1600000000000, '2020-08-08 08:08:08.888888', 1600000000000, '2020-08-08 08:08:08.888888', 'menu', 'views/usr/menu/index', b'0', 'menu', b'1', NULL, 2, '菜单管理', 3, 'usr', '[0],[usr]', b'1', NULL, '/menu');
INSERT INTO `SysMenu` VALUES (1600000000018, 1600000000000, '2020-08-08 08:08:08.888888', 1600000000000, '2020-08-08 08:08:08.888888', 'menuAdd', NULL, b'0', NULL, b'0', b'0', 3, '添加菜单', 1, 'menu', '[0],[usr],[menu],', b'1', NULL, '/menu/add');
INSERT INTO `SysMenu` VALUES (1600000000019, 1600000000000, '2020-08-08 08:08:08.888888', 1600000000000, '2020-08-08 08:08:08.888888', 'menuEdit', NULL, b'0', NULL, b'0', b'0', 3, '修改菜单', 2, 'menu', '[0],[usr],[menu],', b'1', NULL, '/menu/edit');
INSERT INTO `SysMenu` VALUES (1600000000020, 1600000000000, '2020-08-08 08:08:08.888888', 1600000000000, '2020-08-08 08:08:08.888888', 'menuDelete', NULL, b'0', NULL, b'0', b'0', 3, '删除菜单', 3, 'menu', '[0],[usr],[menu],', b'1', NULL, '/menu/remove');
INSERT INTO `SysMenu` VALUES (1600000000021, 1600000000000, '2020-08-08 08:08:08.888888', 1600000000000, '2020-08-08 08:08:08.888888', 'dept', 'views/usr/dept/index', b'0', 'dept', b'1', NULL, 2, '部门管理', 4, 'usr', '[0],[usr],', b'1', NULL, '/dept');
INSERT INTO `SysMenu` VALUES (1600000000022, 1600000000000, '2020-08-08 08:08:08.888888', 1600000000000, '2020-08-08 08:08:08.888888', 'dict', 'views/maintain/dict/index', b'0', 'dict', b'1', NULL, 2, '字典管理', 5, 'maintain', '[0],[maintain],', b'1', NULL, '/dict');
INSERT INTO `SysMenu` VALUES (1600000000023, 1600000000000, '2020-08-08 08:08:08.888888', 1600000000000, '2020-08-08 08:08:08.888888', 'deptEdit', NULL, b'0', NULL, b'0', NULL, 3, '修改部门', 1, 'dept', '[0],[usr],[dept],', b'1', NULL, '/dept/update');
INSERT INTO `SysMenu` VALUES (1600000000024, 1600000000000, '2020-08-08 08:08:08.888888', 1600000000000, '2020-08-08 08:08:08.888888', 'deptDelete', NULL, b'0', NULL, b'0', NULL, 3, '删除部门', 1, 'dept', '[0],[usr],[dept],', b'1', NULL, '/dept/delete');
INSERT INTO `SysMenu` VALUES (1600000000025, NULL, NULL, 1600000000000, '2020-11-24 23:45:06.337465', 'dictAdd', NULL, b'0', '', b'0', NULL, 3, '添加字典', 1, 'dict', '[0],[maintain],[dict]', b'1', NULL, '/dict/add');
INSERT INTO `SysMenu` VALUES (1600000000026, 1600000000000, '2020-08-08 08:08:08.888888', 1600000000000, '2020-08-08 08:08:08.888888', 'dictEdit', NULL, b'0', NULL, b'0', NULL, 3, '修改字典', 1, 'dict', '[0],[maintain],[dict],', b'1', NULL, '/dict/update');
INSERT INTO `SysMenu` VALUES (1600000000027, 1600000000000, '2020-08-08 08:08:08.888888', 1600000000000, '2020-08-08 08:08:08.888888', 'dictDelete', NULL, b'0', NULL, b'0', NULL, 3, '删除字典', 1, 'dict', '[0],[maintain],[dict],', b'1', NULL, '/dict/delete');
INSERT INTO `SysMenu` VALUES (1600000000028, 1600000000000, '2020-08-08 08:08:08.888888', 1600000000000, '2020-08-08 08:08:08.888888', 'deptList', NULL, b'0', NULL, b'0', NULL, 3, '部门列表', 5, 'dept', '[0],[usr],[dept],', b'1', NULL, '/dept/list');
INSERT INTO `SysMenu` VALUES (1600000000030, 1600000000000, '2020-08-08 08:08:08.888888', 1600000000000, '2020-08-08 08:08:08.888888', 'dictList', NULL, b'0', NULL, b'0', NULL, 3, '字典列表', 5, 'dict', '[0],[maintain],[dict],', b'1', NULL, '/dict/list');
INSERT INTO `SysMenu` VALUES (1600000000032, 1600000000000, '2020-08-08 08:08:08.888888', 1600000000000, '2020-08-08 08:08:08.888888', 'deptAdd', NULL, b'0', NULL, b'0', NULL, 3, '添加部门', 1, 'dept', '[0],[usr],[dept],', b'1', NULL, '/dept/add');
INSERT INTO `SysMenu` VALUES (1600000000033, 1600000000000, '2020-08-08 08:08:08.888888', 1600000000000, '2020-08-08 08:08:08.888888', 'cfg', 'views/maintain/cfg/index', b'0', 'cfg', b'1', NULL, 2, '参数管理', 6, 'maintain', '[0],[maintain]', b'1', NULL, '/cfg');
INSERT INTO `SysMenu` VALUES (1600000000034, 1600000000000, '2020-08-08 08:08:08.888888', 1600000000000, '2020-08-08 08:08:08.888888', 'cfgAdd', NULL, b'0', NULL, b'0', NULL, 3, '添加系统参数', 1, 'cfg', '[0],[maintain],[cfg],', b'1', NULL, '/cfg/add');
INSERT INTO `SysMenu` VALUES (1600000000035, 1600000000000, '2020-08-08 08:08:08.888888', 1600000000000, '2020-08-08 08:08:08.888888', 'cfgEdit', NULL, b'0', NULL, b'0', NULL, 3, '修改系统参数', 2, 'cfg', '[0],[maintain],[cfg],', b'1', NULL, '/cfg/update');
INSERT INTO `SysMenu` VALUES (1600000000036, 1600000000000, '2020-08-08 08:08:08.888888', 1600000000000, '2020-08-08 08:08:08.888888', 'cfgDelete', NULL, b'0', NULL, b'0', NULL, 3, '删除系统参数', 3, 'cfg', '[0],[maintain],[cfg],', b'1', NULL, '/cfg/delete');
INSERT INTO `SysMenu` VALUES (1600000000037, 1600000000000, '2020-08-08 08:08:08.888888', 1600000000000, '2020-08-08 08:08:08.888888', 'task', 'views/maintain/task/index', b'0', 'task', b'1', NULL, 2, '任务管理', 7, 'maintain', '[0],[maintain]', b'1', NULL, '/task');
INSERT INTO `SysMenu` VALUES (1600000000038, 1600000000000, '2020-08-08 08:08:08.888888', 1600000000000, '2020-08-08 08:08:08.888888', 'taskAdd', NULL, b'0', NULL, b'0', NULL, 3, '添加任务', 1, 'task', '[0],[maintain],[task],', b'1', NULL, '/task/add');
INSERT INTO `SysMenu` VALUES (1600000000039, 1600000000000, '2020-08-08 08:08:08.888888', 1600000000000, '2020-08-08 08:08:08.888888', 'taskEdit', NULL, b'0', NULL, b'0', NULL, 3, '修改任务', 2, 'task', '[0],[maintain],[task],', b'1', NULL, '/task/update');
INSERT INTO `SysMenu` VALUES (1600000000040, 1600000000000, '2020-08-08 08:08:08.888888', 1600000000000, '2020-08-08 08:08:08.888888', 'taskDelete', NULL, b'0', NULL, b'0', NULL, 3, '删除任务', 3, 'task', '[0],[maintain],[task],', b'1', NULL, '/task/delete');
INSERT INTO `SysMenu` VALUES (1600000000047, 1600000000000, '2020-08-08 08:08:08.888888', 1600000000000, '2020-08-08 08:08:08.888888', 'taskLog', 'views/maintain/task/taskLog', b'1', 'task', b'1', NULL, 3, '任务日志', 4, 'task', '[0],[maintain],[task],', b'1', NULL, '/task/taskLog');
INSERT INTO `SysMenu` VALUES (1600000000048, 1600000000000, '2020-08-08 08:08:08.888888', 1600000000000, '2020-08-08 08:08:08.888888', 'opsLog', 'views/maintain/opslog/index', b'0', 'log', b'1', NULL, 2, '操作日志', 9, 'maintain', '[0],[maintain]', b'1', NULL, '/opslog');
INSERT INTO `SysMenu` VALUES (1600000000049, 1600000000000, '2020-08-08 08:08:08.888888', 1600000000000, '2020-08-08 08:08:08.888888', 'loginLog', 'views/maintain/loginlog/index', b'0', 'logininfor', b'1', NULL, 2, '登录日志', 8, 'maintain', '[0],[maintain]', b'1', NULL, '/loginlog');
INSERT INTO `SysMenu` VALUES (1600000000054, NULL, NULL, 1600000000000, '2020-11-24 22:02:28.669484', 'druid', 'layout', b'0', 'link', b'1', NULL, 2, '性能检测', 1, 'maintain', '[0],[maintain]', b'1', NULL, 'http://193.112.75.77:18886');
INSERT INTO `SysMenu` VALUES (1600000000055, NULL, NULL, 1600000000000, '2020-11-25 19:30:04.982175', 'swagger', 'views/maintain/swagger/index', b'0', 'swagger', b'1', NULL, 2, '接口文档', 1, 'maintain', '[0],[maintain]', b'1', NULL, '/swagger');
INSERT INTO `SysMenu` VALUES (1600000000071, NULL, NULL, 1600000000000, '2020-11-24 23:44:04.045778', 'nlogLog', 'views/maintain/nloglog/index', b'0', 'logininfor', b'1', NULL, 2, 'Nlog日志', 10, 'maintain', '[0],[maintain]', b'1', NULL, '/nloglogs');
INSERT INTO `SysMenu` VALUES (1600000000072, 1600000000000, '2020-08-08 08:08:08.888888', 1600000000000, '2020-08-08 08:08:08.888888', 'health', 'layout', b'0', 'monitor', b'1', NULL, 2, '健康检测', 3, 'maintain', '[0],[maintain]', b'1', NULL, 'http://193.112.75.77:8666/healthchecks-ui');
INSERT INTO `SysMenu` VALUES (1600000000073, 1600000000000, '2020-08-08 08:08:08.888888', 1600000000000, '2020-08-08 08:08:08.888888', 'menuList', NULL, b'0', '', b'0', NULL, 3, '菜单列表', 4, 'menu', '[0],[usr][menu]', b'1', NULL, '/menu/list');
INSERT INTO `SysMenu` VALUES (1600000000074, 1600000000000, '2020-08-08 08:08:08.888888', 1600000000000, '2020-08-08 08:08:08.888888', 'roleList', NULL, b'0', NULL, b'0', NULL, 3, '角色列表', 5, 'role', '[0],[usr],[role]', b'1', NULL, '/role/list');
INSERT INTO `SysMenu` VALUES (1600000000075, 1600000000000, '2020-08-08 08:08:08.888888', 1600000000000, '2020-08-08 08:08:08.888888', 'userList', NULL, b'0', '', b'0', NULL, 3, '用户列表', 8, 'user', '[0],[usr][user]', b'1', NULL, 'user/list');
INSERT INTO `SysMenu` VALUES (1600000000076, 1600000000000, '2020-08-08 08:08:08.888888', 1600000000000, '2020-08-08 08:08:08.888888', 'cfgList', NULL, b'0', '', b'0', NULL, 3, '系统参数列表', 4, 'cfg', '[0],[maintain][cfg]', b'1', NULL, '/cfg/list');
INSERT INTO `SysMenu` VALUES (1600000000077, 1600000000000, '2020-08-08 08:08:08.888888', 1600000000000, '2020-08-08 08:08:08.888888', 'taskList', NULL, b'0', NULL, b'0', NULL, 3, '任务列表', 4, 'task', '[0],[maintain][task]', b'1', NULL, '/task/list');
INSERT INTO `SysMenu` VALUES (1600000000078, NULL, NULL, 1600000000000, '2020-11-24 23:43:13.041844', 'eventBus', 'layout', b'0', 'server', b'1', NULL, 2, 'EventBus', 4, 'maintain', '[0],[maintain]', b'1', NULL, 'http://193.112.75.77:8888/cus/cap/');

-- ----------------------------
-- Table structure for SysRelation
-- ----------------------------
DROP TABLE IF EXISTS `SysRelation`;
CREATE TABLE `SysRelation`  (
  `ID` bigint(20) NOT NULL AUTO_INCREMENT,
  `MenuId` bigint(20) NULL DEFAULT NULL,
  `RoleId` bigint(20) NULL DEFAULT NULL,
  `CreateBy` bigint(20) NULL DEFAULT NULL,
  `CreateTime` datetime(6) NULL DEFAULT NULL,
  PRIMARY KEY (`ID`) USING BTREE,
  INDEX `IX_SysRelation_RoleId`(`RoleId`) USING BTREE,
  INDEX `IX_SysRelation_MenuId`(`MenuId`) USING BTREE,
  CONSTRAINT `FK_SysRelation_SysMenu_MenuId` FOREIGN KEY (`MenuId`) REFERENCES `SysMenu` (`ID`) ON DELETE CASCADE ON UPDATE RESTRICT,
  CONSTRAINT `FK_SysRelation_SysRole_RoleId` FOREIGN KEY (`RoleId`) REFERENCES `SysRole` (`ID`) ON DELETE CASCADE ON UPDATE RESTRICT
) ENGINE = InnoDB AUTO_INCREMENT = 1606193510051 CHARACTER SET = utf8 COLLATE = utf8_general_ci COMMENT = '菜单角色关系' ROW_FORMAT = Dynamic;

-- ----------------------------
-- Records of SysRelation
-- ----------------------------
INSERT INTO `SysRelation` VALUES (1606156112058, 1600000000001, 1606156061057, 1600000000000, '2020-11-24 02:28:33.038725');
INSERT INTO `SysRelation` VALUES (1606156112059, 1600000000004, 1606156061057, 1600000000000, '2020-11-24 02:28:33.038749');
INSERT INTO `SysRelation` VALUES (1606156112060, 1600000000075, 1606156061057, 1600000000000, '2020-11-24 02:28:33.038750');
INSERT INTO `SysRelation` VALUES (1606156112061, 1600000000012, 1606156061057, 1600000000000, '2020-11-24 02:28:33.038751');
INSERT INTO `SysRelation` VALUES (1606156112062, 1600000000074, 1606156061057, 1600000000000, '2020-11-24 02:28:33.038751');
INSERT INTO `SysRelation` VALUES (1606156112063, 1600000000017, 1606156061057, 1600000000000, '2020-11-24 02:28:33.038752');
INSERT INTO `SysRelation` VALUES (1606156112064, 1600000000073, 1606156061057, 1600000000000, '2020-11-24 02:28:33.038753');
INSERT INTO `SysRelation` VALUES (1606156112065, 1600000000021, 1606156061057, 1600000000000, '2020-11-24 02:28:33.038753');
INSERT INTO `SysRelation` VALUES (1606156112066, 1600000000028, 1606156061057, 1600000000000, '2020-11-24 02:28:33.038754');
INSERT INTO `SysRelation` VALUES (1606156112067, 1600000000003, 1606156061057, 1600000000000, '2020-11-24 02:28:33.038754');
INSERT INTO `SysRelation` VALUES (1606156112068, 1600000000022, 1606156061057, 1600000000000, '2020-11-24 02:28:33.038755');
INSERT INTO `SysRelation` VALUES (1606156112069, 1600000000030, 1606156061057, 1600000000000, '2020-11-24 02:28:33.038755');
INSERT INTO `SysRelation` VALUES (1606156112070, 1600000000033, 1606156061057, 1600000000000, '2020-11-24 02:28:33.038756');
INSERT INTO `SysRelation` VALUES (1606156112071, 1600000000076, 1606156061057, 1600000000000, '2020-11-24 02:28:33.038757');
INSERT INTO `SysRelation` VALUES (1606156112072, 1600000000037, 1606156061057, 1600000000000, '2020-11-24 02:28:33.038757');
INSERT INTO `SysRelation` VALUES (1606156112073, 1600000000047, 1606156061057, 1600000000000, '2020-11-24 02:28:33.038758');
INSERT INTO `SysRelation` VALUES (1606156112074, 1600000000077, 1606156061057, 1600000000000, '2020-11-24 02:28:33.038758');
INSERT INTO `SysRelation` VALUES (1606156112075, 1600000000048, 1606156061057, 1600000000000, '2020-11-24 02:28:33.038758');
INSERT INTO `SysRelation` VALUES (1606156112076, 1600000000049, 1606156061057, 1600000000000, '2020-11-24 02:28:33.038760');
INSERT INTO `SysRelation` VALUES (1606156112077, 1600000000054, 1606156061057, 1600000000000, '2020-11-24 02:28:33.038761');
INSERT INTO `SysRelation` VALUES (1606156112078, 1600000000055, 1606156061057, 1600000000000, '2020-11-24 02:28:33.038766');
INSERT INTO `SysRelation` VALUES (1606156112079, 1600000000071, 1606156061057, 1600000000000, '2020-11-24 02:28:33.038767');
INSERT INTO `SysRelation` VALUES (1606156112080, 1600000000072, 1606156061057, 1600000000000, '2020-11-24 02:28:33.038768');
INSERT INTO `SysRelation` VALUES (1606156112081, 1600000000078, 1606156061057, 1600000000000, '2020-11-24 02:28:33.038768');
INSERT INTO `SysRelation` VALUES (1606193510001, 1600000000001, 1600000000010, 1600000000000, '2020-11-24 12:51:50.681429');
INSERT INTO `SysRelation` VALUES (1606193510002, 1600000000004, 1600000000010, 1600000000000, '2020-11-24 12:51:50.681431');
INSERT INTO `SysRelation` VALUES (1606193510003, 1600000000005, 1600000000010, 1600000000000, '2020-11-24 12:51:50.681432');
INSERT INTO `SysRelation` VALUES (1606193510004, 1600000000006, 1600000000010, 1600000000000, '2020-11-24 12:51:50.681432');
INSERT INTO `SysRelation` VALUES (1606193510005, 1600000000007, 1600000000010, 1600000000000, '2020-11-24 12:51:50.681432');
INSERT INTO `SysRelation` VALUES (1606193510006, 1600000000008, 1600000000010, 1600000000000, '2020-11-24 12:51:50.681433');
INSERT INTO `SysRelation` VALUES (1606193510007, 1600000000009, 1600000000010, 1600000000000, '2020-11-24 12:51:50.681433');
INSERT INTO `SysRelation` VALUES (1606193510008, 1600000000010, 1600000000010, 1600000000000, '2020-11-24 12:51:50.681433');
INSERT INTO `SysRelation` VALUES (1606193510009, 1600000000011, 1600000000010, 1600000000000, '2020-11-24 12:51:50.681433');
INSERT INTO `SysRelation` VALUES (1606193510010, 1600000000075, 1600000000010, 1600000000000, '2020-11-24 12:51:50.681434');
INSERT INTO `SysRelation` VALUES (1606193510011, 1600000000012, 1600000000010, 1600000000000, '2020-11-24 12:51:50.681434');
INSERT INTO `SysRelation` VALUES (1606193510012, 1600000000013, 1600000000010, 1600000000000, '2020-11-24 12:51:50.681434');
INSERT INTO `SysRelation` VALUES (1606193510013, 1600000000014, 1600000000010, 1600000000000, '2020-11-24 12:51:50.681434');
INSERT INTO `SysRelation` VALUES (1606193510014, 1600000000015, 1600000000010, 1600000000000, '2020-11-24 12:51:50.681435');
INSERT INTO `SysRelation` VALUES (1606193510015, 1600000000016, 1600000000010, 1600000000000, '2020-11-24 12:51:50.681435');
INSERT INTO `SysRelation` VALUES (1606193510016, 1600000000074, 1600000000010, 1600000000000, '2020-11-24 12:51:50.681435');
INSERT INTO `SysRelation` VALUES (1606193510017, 1600000000017, 1600000000010, 1600000000000, '2020-11-24 12:51:50.681435');
INSERT INTO `SysRelation` VALUES (1606193510018, 1600000000018, 1600000000010, 1600000000000, '2020-11-24 12:51:50.681436');
INSERT INTO `SysRelation` VALUES (1606193510019, 1600000000019, 1600000000010, 1600000000000, '2020-11-24 12:51:50.681436');
INSERT INTO `SysRelation` VALUES (1606193510020, 1600000000020, 1600000000010, 1600000000000, '2020-11-24 12:51:50.681436');
INSERT INTO `SysRelation` VALUES (1606193510021, 1600000000073, 1600000000010, 1600000000000, '2020-11-24 12:51:50.681436');
INSERT INTO `SysRelation` VALUES (1606193510022, 1600000000021, 1600000000010, 1600000000000, '2020-11-24 12:51:50.681437');
INSERT INTO `SysRelation` VALUES (1606193510023, 1600000000023, 1600000000010, 1600000000000, '2020-11-24 12:51:50.681437');
INSERT INTO `SysRelation` VALUES (1606193510024, 1600000000024, 1600000000010, 1600000000000, '2020-11-24 12:51:50.681437');
INSERT INTO `SysRelation` VALUES (1606193510025, 1600000000028, 1600000000010, 1600000000000, '2020-11-24 12:51:50.681438');
INSERT INTO `SysRelation` VALUES (1606193510026, 1600000000032, 1600000000010, 1600000000000, '2020-11-24 12:51:50.681438');
INSERT INTO `SysRelation` VALUES (1606193510027, 1600000000003, 1600000000010, 1600000000000, '2020-11-24 12:51:50.681438');
INSERT INTO `SysRelation` VALUES (1606193510028, 1600000000022, 1600000000010, 1600000000000, '2020-11-24 12:51:50.681438');
INSERT INTO `SysRelation` VALUES (1606193510029, 1600000000025, 1600000000010, 1600000000000, '2020-11-24 12:51:50.681439');
INSERT INTO `SysRelation` VALUES (1606193510030, 1600000000026, 1600000000010, 1600000000000, '2020-11-24 12:51:50.681439');
INSERT INTO `SysRelation` VALUES (1606193510031, 1600000000027, 1600000000010, 1600000000000, '2020-11-24 12:51:50.681439');
INSERT INTO `SysRelation` VALUES (1606193510032, 1600000000030, 1600000000010, 1600000000000, '2020-11-24 12:51:50.681439');
INSERT INTO `SysRelation` VALUES (1606193510033, 1600000000033, 1600000000010, 1600000000000, '2020-11-24 12:51:50.681440');
INSERT INTO `SysRelation` VALUES (1606193510034, 1600000000034, 1600000000010, 1600000000000, '2020-11-24 12:51:50.681440');
INSERT INTO `SysRelation` VALUES (1606193510035, 1600000000035, 1600000000010, 1600000000000, '2020-11-24 12:51:50.681440');
INSERT INTO `SysRelation` VALUES (1606193510036, 1600000000036, 1600000000010, 1600000000000, '2020-11-24 12:51:50.681440');
INSERT INTO `SysRelation` VALUES (1606193510037, 1600000000076, 1600000000010, 1600000000000, '2020-11-24 12:51:50.681441');
INSERT INTO `SysRelation` VALUES (1606193510038, 1600000000037, 1600000000010, 1600000000000, '2020-11-24 12:51:50.681441');
INSERT INTO `SysRelation` VALUES (1606193510039, 1600000000038, 1600000000010, 1600000000000, '2020-11-24 12:51:50.681441');
INSERT INTO `SysRelation` VALUES (1606193510040, 1600000000039, 1600000000010, 1600000000000, '2020-11-24 12:51:50.681441');
INSERT INTO `SysRelation` VALUES (1606193510041, 1600000000040, 1600000000010, 1600000000000, '2020-11-24 12:51:50.681442');
INSERT INTO `SysRelation` VALUES (1606193510042, 1600000000047, 1600000000010, 1600000000000, '2020-11-24 12:51:50.681442');
INSERT INTO `SysRelation` VALUES (1606193510043, 1600000000077, 1600000000010, 1600000000000, '2020-11-24 12:51:50.681442');
INSERT INTO `SysRelation` VALUES (1606193510044, 1600000000048, 1600000000010, 1600000000000, '2020-11-24 12:51:50.681442');
INSERT INTO `SysRelation` VALUES (1606193510045, 1600000000049, 1600000000010, 1600000000000, '2020-11-24 12:51:50.681443');
INSERT INTO `SysRelation` VALUES (1606193510046, 1600000000054, 1600000000010, 1600000000000, '2020-11-24 12:51:50.681443');
INSERT INTO `SysRelation` VALUES (1606193510047, 1600000000055, 1600000000010, 1600000000000, '2020-11-24 12:51:50.681443');
INSERT INTO `SysRelation` VALUES (1606193510048, 1600000000071, 1600000000010, 1600000000000, '2020-11-24 12:51:50.681443');
INSERT INTO `SysRelation` VALUES (1606193510049, 1600000000072, 1600000000010, 1600000000000, '2020-11-24 12:51:50.681444');
INSERT INTO `SysRelation` VALUES (1606193510050, 1600000000078, 1600000000010, 1600000000000, '2020-11-24 12:51:50.681444');

-- ----------------------------
-- Table structure for SysRole
-- ----------------------------
DROP TABLE IF EXISTS `SysRole`;
CREATE TABLE `SysRole`  (
  `ID` bigint(20) NOT NULL AUTO_INCREMENT,
  `CreateBy` bigint(20) NULL DEFAULT NULL COMMENT '创建人',
  `CreateTime` datetime(6) NULL DEFAULT NULL,
  `ModifyBy` bigint(20) NULL DEFAULT NULL COMMENT '最后更新人',
  `ModifyTime` datetime(6) NULL DEFAULT NULL,
  `DeptId` bigint(20) NULL DEFAULT NULL,
  `Name` varchar(32) CHARACTER SET utf8mb4 COLLATE utf8mb4_general_ci NULL DEFAULT NULL,
  `Num` int(11) NULL DEFAULT NULL,
  `Pid` bigint(20) NULL DEFAULT NULL,
  `Tips` varchar(64) CHARACTER SET utf8mb4 COLLATE utf8mb4_general_ci NULL DEFAULT NULL,
  `Version` int(11) NULL DEFAULT NULL,
  PRIMARY KEY (`ID`) USING BTREE
) ENGINE = InnoDB AUTO_INCREMENT = 71604896042898 CHARACTER SET = utf8 COLLATE = utf8_general_ci COMMENT = '角色' ROW_FORMAT = Dynamic;

-- ----------------------------
-- Records of SysRole
-- ----------------------------
INSERT INTO `SysRole` VALUES (1600000000010, NULL, NULL, 1600000000000, '2020-11-25 00:22:09.927587', NULL, '系统管理员', 1, NULL, 'administrator', NULL);
INSERT INTO `SysRole` VALUES (1606156061057, NULL, NULL, 1600000000000, '2020-11-24 12:51:38.624085', NULL, '只读用户', 1, NULL, 'readonly', NULL);

-- ----------------------------
-- Table structure for SysUser
-- ----------------------------
DROP TABLE IF EXISTS `SysUser`;
CREATE TABLE `SysUser`  (
  `ID` bigint(20) NOT NULL AUTO_INCREMENT,
  `CreateBy` bigint(20) NULL DEFAULT NULL COMMENT '创建人',
  `CreateTime` datetime(6) NULL DEFAULT NULL,
  `ModifyBy` bigint(20) NULL DEFAULT NULL COMMENT '最后更新人',
  `ModifyTime` datetime(6) NULL DEFAULT NULL,
  `Account` varchar(16) CHARACTER SET utf8mb4 COLLATE utf8mb4_general_ci NULL DEFAULT NULL,
  `Avatar` varchar(64) CHARACTER SET utf8mb4 COLLATE utf8mb4_general_ci NULL DEFAULT NULL,
  `Birthday` datetime(6) NULL DEFAULT NULL,
  `DeptId` bigint(20) NULL DEFAULT NULL,
  `Email` varchar(32) CHARACTER SET utf8mb4 COLLATE utf8mb4_general_ci NULL DEFAULT NULL,
  `Name` varchar(16) CHARACTER SET utf8mb4 COLLATE utf8mb4_general_ci NULL DEFAULT NULL,
  `Password` varchar(32) CHARACTER SET utf8mb4 COLLATE utf8mb4_general_ci NULL DEFAULT NULL,
  `Phone` varchar(11) CHARACTER SET utf8mb4 COLLATE utf8mb4_general_ci NULL DEFAULT NULL,
  `RoleId` varchar(72) CHARACTER SET utf8mb4 COLLATE utf8mb4_general_ci NULL DEFAULT NULL,
  `Salt` varchar(6) CHARACTER SET utf8mb4 COLLATE utf8mb4_general_ci NULL DEFAULT NULL,
  `Sex` int(11) NULL DEFAULT NULL,
  `Status` int(11) NULL DEFAULT NULL,
  `Version` int(11) NULL DEFAULT NULL,
  `IsDeleted` tinyint(1) NOT NULL DEFAULT 0,
  PRIMARY KEY (`ID`) USING BTREE,
  INDEX `FK_SysUser_SysDept_DeptId`(`DeptId`) USING BTREE,
  CONSTRAINT `FK_SysUser_SysDept_DeptId` FOREIGN KEY (`DeptId`) REFERENCES `SysDept` (`ID`) ON DELETE SET NULL ON UPDATE RESTRICT
) ENGINE = InnoDB AUTO_INCREMENT = 21604896186451 CHARACTER SET = utf8 COLLATE = utf8_general_ci COMMENT = '账号' ROW_FORMAT = Dynamic;

-- ----------------------------
-- Records of SysUser
-- ----------------------------
INSERT INTO `SysUser` VALUES (1600000000000, 1600000000000, '2020-08-08 08:08:08.888888', 1600000000000, '2020-11-25 20:09:10.204363', 'alpha2008', NULL, '2020-11-04 00:00:00.000000', 1600000001000, 'alpha2008@tom.com', '余小猫', 'C1FE6E4E238DD6812856995AEC16AD9D', '18898658888', '1600000000010', '2mh6e', 1, 1, NULL, 0);
INSERT INTO `SysUser` VALUES (1606291099001, 1600000000000, '2020-11-25 15:58:20.255014', 1600000000000, '2020-11-25 17:38:15.037397', 'adncgo2', NULL, '2020-11-25 00:00:00.000000', 1606155393003, 'beta2009@tom.com', '余二猫', 'A9B7CDA2D9001025FC02C40AF6A80D4E', '18987656789', '1606156061057', '880qx', 2, 1, NULL, 0);
INSERT INTO `SysUser` VALUES (1606293242002, 1600000000000, '2020-11-25 16:34:03.074970', 1600000000000, '2020-11-25 17:48:42.204432', 'adncgo3', NULL, '2020-11-25 00:00:00.000000', 1606155294001, 'beta2009@tom.com', '余三猫', 'B273093C82A8E58C4E6E9673A8062092', '18898737334', '1606156061057', 'p110y', 1, 1, NULL, 0);

-- ----------------------------
-- Table structure for SysUserFinance
-- ----------------------------
DROP TABLE IF EXISTS `SysUserFinance`;
CREATE TABLE `SysUserFinance`  (
  `ID` bigint(20) NOT NULL,
  `CreateBy` bigint(20) NULL DEFAULT NULL,
  `CreateTime` datetime(6) NULL DEFAULT NULL,
  `ModifyBy` bigint(20) NULL DEFAULT NULL,
  `ModifyTime` datetime(6) NULL DEFAULT NULL,
  `Amount` decimal(18, 4) NOT NULL,
  `RowVersion` timestamp(3) NULL DEFAULT '2000-07-01 22:33:02.559',
  PRIMARY KEY (`ID`) USING BTREE,
  CONSTRAINT `FK_SysUserFinance_SysUser_ID` FOREIGN KEY (`ID`) REFERENCES `SysUser` (`ID`) ON DELETE RESTRICT ON UPDATE RESTRICT
) ENGINE = InnoDB CHARACTER SET = utf8 COLLATE = utf8_general_ci ROW_FORMAT = Dynamic;

-- ----------------------------
-- Records of SysUserFinance
-- ----------------------------
INSERT INTO `SysUserFinance` VALUES (1600000000000, 1600000000000, '2020-08-08 08:08:08.888888', 1600000000000, '2020-08-08 08:08:08.888888', 0.0000, '2000-07-01 22:33:02.559');
INSERT INTO `SysUserFinance` VALUES (1606291099001, 1600000000000, '2020-11-25 15:58:20.403093', NULL, NULL, 0.0000, '2000-07-01 22:33:02.559');
INSERT INTO `SysUserFinance` VALUES (1606293242002, 1600000000000, '2020-11-25 16:34:03.123400', NULL, NULL, 0.0000, '2000-07-01 22:33:02.559');

-- ----------------------------
-- Table structure for __EFMigrationsHistory
-- ----------------------------
DROP TABLE IF EXISTS `__EFMigrationsHistory`;
CREATE TABLE `__EFMigrationsHistory`  (
  `MigrationId` varchar(95) CHARACTER SET utf8 COLLATE utf8_general_ci NOT NULL,
  `ProductVersion` varchar(32) CHARACTER SET utf8 COLLATE utf8_general_ci NOT NULL,
  PRIMARY KEY (`MigrationId`) USING BTREE
) ENGINE = InnoDB CHARACTER SET = utf8 COLLATE = utf8_general_ci ROW_FORMAT = Dynamic;

-- ----------------------------
-- Records of __EFMigrationsHistory
-- ----------------------------
INSERT INTO `__EFMigrationsHistory` VALUES ('20201014033346_2020101401', '3.1.6');
INSERT INTO `__EFMigrationsHistory` VALUES ('20201014084639_2020101401', '3.1.6');
INSERT INTO `__EFMigrationsHistory` VALUES ('20201015060655_2020101501', '3.1.6');
INSERT INTO `__EFMigrationsHistory` VALUES ('20201123102002_20201123_1', '3.1.9');
INSERT INTO `__EFMigrationsHistory` VALUES ('20201123111931_20201123_2', '3.1.9');
INSERT INTO `__EFMigrationsHistory` VALUES ('20201123155739_20201123_02', '3.1.9');
INSERT INTO `__EFMigrationsHistory` VALUES ('20201123160033_20201123_03', '3.1.9');
INSERT INTO `__EFMigrationsHistory` VALUES ('20201123160229_20201123_04', '3.1.9');
INSERT INTO `__EFMigrationsHistory` VALUES ('20201124031328_20201124_1', '3.1.9');
INSERT INTO `__EFMigrationsHistory` VALUES ('20201124032406_20201124_2', '3.1.9');
INSERT INTO `__EFMigrationsHistory` VALUES ('20201124033852_20201124_3', '3.1.9');

SET FOREIGN_KEY_CHECKS = 1;
