/*
SQLyog Community v13.1.6 (64 bit)
MySQL - 10.5.8-MariaDB-1:10.5.8+maria~focal : Database - adnc_cus_dev
*********************************************************************
*/

/*!40101 SET NAMES utf8 */;

/*!40101 SET SQL_MODE=''*/;

/*!40014 SET @OLD_UNIQUE_CHECKS=@@UNIQUE_CHECKS, UNIQUE_CHECKS=0 */;
/*!40014 SET @OLD_FOREIGN_KEY_CHECKS=@@FOREIGN_KEY_CHECKS, FOREIGN_KEY_CHECKS=0 */;
/*!40101 SET @OLD_SQL_MODE=@@SQL_MODE, SQL_MODE='NO_AUTO_VALUE_ON_ZERO' */;
/*!40111 SET @OLD_SQL_NOTES=@@SQL_NOTES, SQL_NOTES=0 */;
CREATE DATABASE /*!32312 IF NOT EXISTS*/`adnc_cus_dev` /*!40100 DEFAULT CHARACTER SET utf8mb4 */;

USE `adnc_cus_dev`;

/*Table structure for table `Customer` */

DROP TABLE IF EXISTS `Customer`;

CREATE TABLE `Customer` (
  `Id` bigint(20) NOT NULL,
  `CreateBy` bigint(20) NOT NULL,
  `CreateTime` datetime(6) NOT NULL,
  `ModifyBy` bigint(20) DEFAULT NULL,
  `ModifyTime` datetime(6) DEFAULT NULL,
  `Account` varchar(16) NOT NULL,
  `Nickname` varchar(16) NOT NULL,
  `Realname` varchar(16) NOT NULL,
  PRIMARY KEY (`Id`)
) ENGINE=InnoDB DEFAULT CHARSET=utf8mb4;

/*Data for the table `Customer` */

insert  into `Customer`(`Id`,`CreateBy`,`CreateTime`,`ModifyBy`,`ModifyTime`,`Account`,`Nickname`,`Realname`) values 
(154951941552738304,1600000000000,'2021-03-03 14:03:41.915499',1600000000000,'2021-03-20 21:45:21.761945','alpha3000','新昵称','没被跟踪01'),
(154959990543749120,1600000000000,'2021-03-03 14:35:41.060569',1600000000000,'2021-03-20 21:45:22.026455','alpha3001','新昵称','没被跟踪02'),
(154963538312564736,1600000000000,'2021-03-03 14:49:46.901587',NULL,NULL,'alpha6000','阿尔法6','阿铁打'),
(154964826672730112,1600000000000,'2021-03-03 14:54:54.049573',NULL,NULL,'alpha7000','ben','阿铁打'),
(156037590473117696,1600000000000,'2021-03-06 13:57:41.510638',NULL,NULL,'a1615010260607','n1615010260607','r1615010260607'),
(156037662862610432,1600000000000,'2021-03-06 13:57:58.949527',NULL,NULL,'a1615010277866','n1615010277866','r1615010277866'),
(156038292616384512,1600000000000,'2021-03-06 14:00:29.065850',NULL,NULL,'a1615010428011','n1615010428011','r1615010428011'),
(156040774981652480,1600000000000,'2021-03-06 14:10:22.015040',1600000000000,'2021-03-06 14:49:52.377305','a1615011019854','n1615011019854','被跟踪'),
(156081863398658048,1600000000000,'2021-03-06 16:53:37.051070',NULL,NULL,'a1615020816095','n1615020816095','r1615020816095'),
(156149784435101696,1600000000000,'2021-03-06 21:23:30.692761',NULL,NULL,'a1615037009732','n1615037009732','r1615037009732'),
(156151316735987712,1600000000000,'2021-03-06 21:29:35.912242',1600000000000,'2021-03-06 21:55:39.815172','主从更新01','n1615037375061','被跟踪01'),
(156173013266599936,1600000000000,'2021-03-06 22:55:49.214860',1600000000000,'2021-03-06 22:55:49.556782','alpha008','招财猫008','张发财008'),
(156193791336910848,1600000000000,'2021-03-07 00:18:23.220429',NULL,NULL,'alpha2008','1615047501001','批量更新'),
(156193806604177408,1600000000000,'2021-03-07 00:18:25.444072',NULL,NULL,'alpha2008','1615047505003','批量更新'),
(156370653124104192,1600000000000,'2021-03-03 14:03:41.915499',NULL,NULL,'a1615089668931','n1615089668931','r1615089668931'),
(156371838421831680,1600000000000,'2021-03-03 14:03:41.915499',NULL,NULL,'a1615089951528','n1615089951528','r1615089951528'),
(156374519269953536,1600000000000,'2021-03-03 14:03:41.915499',NULL,NULL,'a1615090590692','n1615090590692','r1615090590692'),
(156375682925072384,1600000000000,'2021-03-07 12:21:08.438961',NULL,NULL,'alpha008','招财猫','张发财'),
(156375685412294656,1600000000000,'2021-03-07 12:21:08.729244',NULL,NULL,'alpha008','招财猫02','张发财02'),
(156406021131210752,1600000000000,'2021-03-03 14:03:41.915499',NULL,NULL,'a1615098101322','n1615098101322','r1615098101322'),
(156407656909770752,1600000000000,'2021-03-07 14:28:12.965904',1600000000000,'2021-03-07 14:28:13.414740','alpha008','招财猫008','张发财008'),
(156409602441875456,1600000000000,'2021-03-07 14:35:57.209384',NULL,NULL,'alpha2008','1615098955001','1615098955002'),
(156410228831817728,1600000000000,'2021-03-07 14:38:25.972081',NULL,NULL,'a1615099104515','n1615099104515','r1615099104515'),
(157151364307357696,1600000000000,'2021-03-09 15:43:25.915033',1600000000000,'2021-03-09 15:43:26.159912','alpha008','招财猫008','张发财008'),
(157152739607056384,1600000000000,'2021-03-09 15:48:53.624040',NULL,NULL,'alpha2008','wooo','1615276132002'),
(157152834494795776,1600000000000,'2021-03-09 15:50:02.318281',NULL,NULL,'alpha2008','1615276155001','1615276155002'),
(157153353250508800,1600000000000,'2021-03-09 15:51:35.016593',NULL,NULL,'alpha2008','1615276279001','1615276279002'),
(157154677434224640,1600000000000,'2021-03-09 15:56:35.805245',NULL,NULL,'alpha2008','1615276594001','1615276594002'),
(157154808191651840,1600000000000,'2021-03-09 15:57:06.838224',NULL,NULL,'alpha2008','1615276626001','1615276626002'),
(157154858821095424,1600000000000,'2021-03-09 15:57:19.022646',NULL,NULL,'alpha2008','1615276638001','1615276638002'),
(157155725330747392,1600000000000,'2021-03-09 16:00:45.303921',NULL,NULL,'a1615276844731','n1615276844731','r1615276844731'),
(157159237695442944,1600000000000,'2021-03-09 16:14:42.174408',NULL,NULL,'alpha999','alpha999','alpha999'),
(157159925578076160,1600000000000,'2021-03-09 16:17:26.164813',NULL,NULL,'alpha992','alpha992','alpha992'),
(157572257240190976,1600000000000,'2021-03-10 19:35:53.911121',NULL,NULL,'alpha998','alpha998','alpha998'),
(157641325259395072,1600000000000,'2021-03-11 00:10:20.921238',NULL,NULL,'alpha887','alpha887','alpha887'),
(157644440645799936,1600000000000,'2021-03-11 00:22:44.409092',NULL,NULL,'alpha2008','1615393363001','1615393363002'),
(157644545914441728,1600000000000,'2021-03-11 00:23:09.195234',NULL,NULL,'alpha2008','1615393388001','批量更新'),
(157644550406541312,1600000000000,'2021-03-11 00:23:09.717146',NULL,NULL,'alpha2008','1615393389003','批量更新'),
(157644566588166144,1600000000000,'2021-03-11 00:23:13.576121',NULL,NULL,'alpha008','招财猫','张发财'),
(157644566810464256,1600000000000,'2021-03-11 00:23:13.623941',NULL,NULL,'alpha008','招财猫02','张发财02'),
(157644567942926336,1600000000000,'2021-03-03 14:03:41.915499',NULL,NULL,'a1615393393892','n1615393393892','r1615393393892'),
(157644569171857408,1600000000000,'2021-03-11 00:23:14.185551',1600000000000,'2021-03-11 00:23:14.768983','主从更新01','n1615393394185','被跟踪01'),
(157644572627963904,1600000000000,'2021-03-11 00:23:15.095689',1600000000000,'2021-03-11 00:23:15.170040','alpha008','招财猫008','张发财008'),
(159686731791208448,1600000000000,'2021-03-16 15:38:04.467109',NULL,NULL,'alpha2008','1615880283002','1615880283004'),
(159686731791208449,1600000000000,'2021-03-16 15:38:04.347579',NULL,NULL,'alpha2008','1615880283005','批量更新'),
(159686735859683328,1600000000000,'2021-03-16 15:38:04.668318',NULL,NULL,'alpha2008','1615880284025','批量更新'),
(159686750028042240,1600000000000,'2021-03-16 15:38:08.046887',NULL,NULL,'alpha008','招财猫','张发财'),
(159686750237757440,1600000000000,'2021-03-16 15:38:08.094183',NULL,NULL,'alpha008','招财猫02','张发财02'),
(159686751265361920,1600000000000,'2021-03-03 14:03:41.915499',NULL,NULL,'a1615880288338','n1615880288338','r1615880288338'),
(159686752452349952,1600000000000,'2021-03-16 15:38:08.621842',1600000000000,'2021-03-16 15:38:09.378573','主从更新01','n1615880288621','被跟踪01'),
(159686756919283712,1600000000000,'2021-03-16 15:38:09.806927',1600000000000,'2021-03-16 15:38:09.904001','alpha008','招财猫008','张发财008'),
(161227637912637440,1600000000000,'2021-03-20 21:41:05.638404',NULL,NULL,'alpha2008','1616247664001','批量更新'),
(161227646125084672,1600000000000,'2021-03-20 21:41:06.311824',NULL,NULL,'alpha2008','1616247666003','批量更新'),
(161227663174930432,1600000000000,'2021-03-20 21:41:10.371506',NULL,NULL,'alpha008','招财猫','张发财'),
(161227663367868416,1600000000000,'2021-03-20 21:41:10.412867',NULL,NULL,'alpha008','招财猫02','张发财02'),
(161227665561489408,1600000000000,'2021-03-20 21:41:10.936598',1600000000000,'2021-03-20 21:41:11.506465','主从更新01','n1616247670935','被跟踪01'),
(161227669034373120,1600000000000,'2021-03-20 21:41:11.857465',1600000000000,'2021-03-20 21:41:11.932210','alpha008','招财猫008','张发财008'),
(161228698501124096,1600000000000,'2021-03-20 21:45:18.174482',NULL,NULL,'alpha2008','1616247917001','批量更新'),
(161228705392365568,1600000000000,'2021-03-20 21:45:18.854649',NULL,NULL,'alpha2008','1616247918003','批量更新'),
(161228721884368896,1600000000000,'2021-03-20 21:45:22.787712',NULL,NULL,'alpha008','招财猫','张发财'),
(161228722148610048,1600000000000,'2021-03-20 21:45:22.846323',NULL,NULL,'alpha008','招财猫02','张发财02'),
(161228724660998144,1600000000000,'2021-03-20 21:45:23.445843',1600000000000,'2021-03-20 21:45:24.044899','主从更新01','n1616247923444','被跟踪01'),
(161228728280682496,1600000000000,'2021-03-20 21:45:24.400033',1600000000000,'2021-03-20 21:45:24.486214','alpha008','招财猫008','张发财008'),
(161229478486478848,1600000000000,'2021-03-20 21:48:23.343188',NULL,NULL,'alpha008','招财猫','张发财'),
(161229480617185280,1600000000000,'2021-03-20 21:48:23.684733',NULL,NULL,'alpha008','招财猫02','张发财02'),
(161230963337203712,1600000000000,'2021-03-20 21:54:18.117654',NULL,NULL,'a1616248457186','n1616248457186','r1616248457186');

/*Table structure for table `CustomerFinance` */

DROP TABLE IF EXISTS `CustomerFinance`;

CREATE TABLE `CustomerFinance` (
  `Id` bigint(20) NOT NULL,
  `CreateBy` bigint(20) NOT NULL,
  `CreateTime` datetime(6) NOT NULL,
  `ModifyBy` bigint(20) DEFAULT NULL,
  `ModifyTime` datetime(6) DEFAULT NULL,
  `Account` varchar(16) NOT NULL,
  `Balance` decimal(18,4) NOT NULL,
  `RowVersion` timestamp(6) NOT NULL DEFAULT current_timestamp(6) ON UPDATE current_timestamp(6),
  PRIMARY KEY (`Id`),
  CONSTRAINT `FK_CustomerFinance_Customer_Id` FOREIGN KEY (`Id`) REFERENCES `Customer` (`Id`) ON DELETE CASCADE
) ENGINE=InnoDB DEFAULT CHARSET=utf8mb4;

/*Data for the table `CustomerFinance` */

insert  into `CustomerFinance`(`Id`,`CreateBy`,`CreateTime`,`ModifyBy`,`ModifyTime`,`Account`,`Balance`,`RowVersion`) values 
(154951941552738304,1600000000000,'2021-03-03 14:03:41.915606',NULL,NULL,'alpha3000',0.0000,'2021-03-03 14:03:42.646598'),
(154959990543749120,1600000000000,'2021-03-03 14:35:41.060684',0,'2021-03-03 14:35:58.475628','alpha3001',1000.0000,'2021-03-03 14:35:58.892853'),
(154963538312564736,1600000000000,'2021-03-03 14:49:46.901708',0,'2021-03-03 14:57:53.391433','alpha6000',888.0000,'2021-03-03 14:57:53.797326'),
(154964826672730112,1600000000000,'2021-03-03 14:54:54.049702',0,'2021-03-03 14:55:09.728292','alpha7000',888.0000,'2021-03-03 14:55:10.142105'),
(156037590473117696,1600000000000,'2021-03-06 13:57:41.510860',NULL,NULL,'a1615010260607',0.0000,'2021-03-06 13:57:41.088532'),
(156037662862610432,1600000000000,'2021-03-06 13:57:58.949765',NULL,NULL,'a1615010277866',0.0000,'2021-03-06 13:57:58.474821'),
(156038292616384512,1600000000000,'2021-03-06 14:00:29.065955',NULL,NULL,'a1615010428011',0.0000,'2021-03-06 14:00:28.612620'),
(156040774981652480,1600000000000,'2021-03-06 14:10:22.015164',NULL,NULL,'a1615011019854',0.0000,'2021-03-06 14:10:21.308641'),
(156081863398658048,1600000000000,'2021-03-06 16:53:37.051179',NULL,NULL,'a1615020816095',0.0000,'2021-03-06 16:53:36.708619'),
(156149784435101696,1600000000000,'2021-03-06 21:23:30.692851',NULL,NULL,'a1615037009732',0.0000,'2021-03-06 21:23:30.087215'),
(156151316735987712,1600000000000,'2021-03-06 21:29:35.912320',1600000000000,'2021-03-06 21:55:39.815186','主从更新01',0.0000,'2021-03-06 21:55:38.852333'),
(156193791336910848,1600000000000,'2021-03-07 00:18:23.220535',NULL,NULL,'alpha2008',0.0000,'2021-03-07 00:18:25.296094'),
(156193806604177408,1600000000000,'2021-03-07 00:18:25.444054',NULL,NULL,'alpha2008',0.0000,'2021-03-07 00:18:25.548097'),
(156375682925072384,1600000000000,'2021-03-07 12:21:08.439096',NULL,NULL,'alpha008',0.0000,'2021-03-07 12:21:09.014679'),
(156375685412294656,1600000000000,'2021-03-07 12:21:08.729230',NULL,NULL,'alpha008',0.0000,'2021-03-07 12:21:09.118802'),
(156409602441875456,1600000000000,'2021-03-07 14:35:57.209526',NULL,NULL,'alpha2008',0.0000,'2021-03-07 14:35:57.804349'),
(156410228831817728,1600000000000,'2021-03-07 14:38:25.972209',NULL,NULL,'a1615099104515',0.0000,'2021-03-07 14:38:26.982194'),
(157152739607056384,1600000000000,'2021-03-09 15:48:53.624117',NULL,NULL,'alpha2008',0.0000,'2021-03-09 15:48:53.253482'),
(157152834494795776,1600000000000,'2021-03-09 15:50:02.318380',NULL,NULL,'alpha2008',0.0000,'2021-03-09 15:50:03.204902'),
(157153353250508800,1600000000000,'2021-03-09 15:51:35.016688',NULL,NULL,'alpha2008',0.0000,'2021-03-09 15:51:35.841692'),
(157154677434224640,1600000000000,'2021-03-09 15:56:35.805349',NULL,NULL,'alpha2008',0.0000,'2021-03-09 15:56:35.428347'),
(157154808191651840,1600000000000,'2021-03-09 15:57:06.838298',NULL,NULL,'alpha2008',0.0000,'2021-03-09 15:57:06.449555'),
(157154858821095424,1600000000000,'2021-03-09 15:57:19.022760',NULL,NULL,'alpha2008',0.0000,'2021-03-09 15:57:18.639579'),
(157155725330747392,1600000000000,'2021-03-09 16:00:45.303993',0,'2021-03-09 16:12:44.739598','a1615276844731',12.9900,'2021-03-09 16:12:44.215028'),
(157159237695442944,1600000000000,'2021-03-09 16:14:42.174524',NULL,NULL,'alpha999',0.0000,'2021-03-09 16:14:41.853820'),
(157159925578076160,1600000000000,'2021-03-09 16:17:26.164819',NULL,NULL,'alpha992',0.0000,'2021-03-09 16:17:25.751143'),
(157572257240190976,1600000000000,'2021-03-10 19:35:53.911215',0,'2021-03-10 19:50:39.138753','alpha998',630.0000,'2021-03-10 19:50:39.314341'),
(157641325259395072,1600000000000,'2021-03-11 00:10:20.921384',0,'2021-03-11 00:10:38.711391','alpha887',180.0000,'2021-03-11 00:10:38.864861'),
(157644440645799936,1600000000000,'2021-03-11 00:22:44.409165',NULL,NULL,'alpha2008',0.0000,'2021-03-11 00:22:44.688148'),
(157644545914441728,1600000000000,'2021-03-11 00:23:09.195302',NULL,NULL,'alpha2008',0.0000,'2021-03-11 00:23:09.766047'),
(157644550406541312,1600000000000,'2021-03-11 00:23:09.717135',NULL,NULL,'alpha2008',0.0000,'2021-03-11 00:23:09.994074'),
(157644566588166144,1600000000000,'2021-03-11 00:23:13.576116',NULL,NULL,'alpha008',0.0000,'2021-03-11 00:23:13.749093'),
(157644566810464256,1600000000000,'2021-03-11 00:23:13.623937',NULL,NULL,'alpha008',0.0000,'2021-03-11 00:23:13.804059'),
(157644569171857408,1600000000000,'2021-03-11 00:23:14.185549',1600000000000,'2021-03-11 00:23:14.768999','主从更新01',0.0000,'2021-03-11 00:23:15.028070'),
(159686731791208448,1600000000000,'2021-03-16 15:38:04.467112',NULL,NULL,'alpha2008',0.0000,'2021-03-16 15:38:05.001344'),
(159686731791208449,1600000000000,'2021-03-16 15:38:04.347654',NULL,NULL,'alpha2008',0.0000,'2021-03-16 15:38:05.002760'),
(159686735859683328,1600000000000,'2021-03-16 15:38:04.668315',NULL,NULL,'alpha2008',0.0000,'2021-03-16 15:38:05.210835'),
(159686750028042240,1600000000000,'2021-03-16 15:38:08.046883',NULL,NULL,'alpha008',0.0000,'2021-03-16 15:38:08.496622'),
(159686750237757440,1600000000000,'2021-03-16 15:38:08.094181',NULL,NULL,'alpha008',0.0000,'2021-03-16 15:38:08.540604'),
(159686752452349952,1600000000000,'2021-03-16 15:38:08.621840',1600000000000,'2021-03-16 15:38:09.378585','主从更新01',0.0000,'2021-03-16 15:38:09.958168'),
(161227637912637440,1600000000000,'2021-03-20 21:41:05.638505',NULL,NULL,'alpha2008',0.0000,'2021-03-20 21:41:07.118119'),
(161227646125084672,1600000000000,'2021-03-20 21:41:06.311813',NULL,NULL,'alpha2008',0.0000,'2021-03-20 21:41:07.387515'),
(161227663174930432,1600000000000,'2021-03-20 21:41:10.371502',NULL,NULL,'alpha008',0.0000,'2021-03-20 21:41:11.340400'),
(161227663367868416,1600000000000,'2021-03-20 21:41:10.412861',NULL,NULL,'alpha008',0.0000,'2021-03-20 21:41:11.384415'),
(161227665561489408,1600000000000,'2021-03-20 21:41:10.936595',1600000000000,'2021-03-20 21:41:11.506479','主从更新01',0.0000,'2021-03-20 21:41:12.569380'),
(161228698501124096,1600000000000,'2021-03-20 21:45:18.174592',NULL,NULL,'alpha2008',0.0000,'2021-03-20 21:45:19.687194'),
(161228705392365568,1600000000000,'2021-03-20 21:45:18.854627',NULL,NULL,'alpha2008',0.0000,'2021-03-20 21:45:19.916170'),
(161228721884368896,1600000000000,'2021-03-20 21:45:22.787708',NULL,NULL,'alpha008',0.0000,'2021-03-20 21:45:23.772054'),
(161228722148610048,1600000000000,'2021-03-20 21:45:22.846320',NULL,NULL,'alpha008',0.0000,'2021-03-20 21:45:23.821143'),
(161228724660998144,1600000000000,'2021-03-20 21:45:23.445840',1600000000000,'2021-03-20 21:45:24.044913','主从更新01',0.0000,'2021-03-20 21:45:25.112160'),
(161229478486478848,1600000000000,'2021-03-20 21:48:23.343290',NULL,NULL,'alpha008',0.0000,'2021-03-20 21:48:24.510711'),
(161229480617185280,1600000000000,'2021-03-20 21:48:23.684722',NULL,NULL,'alpha008',0.0000,'2021-03-20 21:48:24.650688');

/*Table structure for table `CustomerTransactionLog` */

DROP TABLE IF EXISTS `CustomerTransactionLog`;

CREATE TABLE `CustomerTransactionLog` (
  `Id` bigint(20) NOT NULL,
  `CreateBy` bigint(20) NOT NULL,
  `CreateTime` datetime(6) NOT NULL,
  `CustomerId` bigint(20) NOT NULL,
  `Account` varchar(16) NOT NULL,
  `ExchangeType` int(11) NOT NULL,
  `ExchageStatus` int(11) NOT NULL,
  `ChangingAmount` decimal(18,4) NOT NULL,
  `Amount` decimal(18,4) NOT NULL,
  `ChangedAmount` decimal(18,4) NOT NULL,
  `Remark` varchar(64) DEFAULT NULL,
  PRIMARY KEY (`Id`),
  KEY `IX_CustomerTransactionLog_CustomerId` (`CustomerId`),
  CONSTRAINT `FK_CustomerTransactionLog_Customer_CustomerId` FOREIGN KEY (`CustomerId`) REFERENCES `Customer` (`Id`) ON DELETE CASCADE
) ENGINE=InnoDB DEFAULT CHARSET=utf8mb4;

/*Data for the table `CustomerTransactionLog` */

insert  into `CustomerTransactionLog`(`Id`,`CreateBy`,`CreateTime`,`CustomerId`,`Account`,`ExchangeType`,`ExchageStatus`,`ChangingAmount`,`Amount`,`ChangedAmount`,`Remark`) values 
(154960061616230400,1600000000000,'2021-03-03 14:35:57.792557',154959990543749120,'alpha3001',8000,2008,0.0000,1000.0000,1000.0000,''),
(154964890296127488,1600000000000,'2021-03-03 14:55:09.036228',154964826672730112,'alpha7000',8000,2008,0.0000,888.0000,888.0000,''),
(154965577457340416,1600000000000,'2021-03-03 14:57:52.850437',154963538312564736,'alpha6000',8000,2008,0.0000,888.0000,888.0000,''),
(156044876474093568,1600000000000,'2021-03-06 14:26:37.865918',156040774981652480,'a1615011019854',8000,2008,0.0000,0.0000,0.0000,'test'),
(156044876482482176,1600000000000,'2021-03-06 14:26:37.866022',156040774981652480,'a1615011019854',8000,2008,0.0000,0.0000,0.0000,'test'),
(156045368495312896,1600000000000,'2021-03-06 14:28:35.165778',156040774981652480,'a1615011019854',8000,2008,0.0000,0.0000,0.0000,'test'),
(156045368499507200,1600000000000,'2021-03-06 14:28:35.165888',156040774981652480,'a1615011019854',8000,2008,0.0000,0.0000,0.0000,'test'),
(156045368499507201,1600000000000,'2021-03-06 14:28:35.165896',156040774981652480,'a1615011019854',8000,2008,0.0000,0.0000,0.0000,'test'),
(156045368499507202,1600000000000,'2021-03-06 14:28:35.165896',156040774981652480,'a1615011019854',8000,2008,0.0000,0.0000,0.0000,'test'),
(156045368499507203,1600000000000,'2021-03-06 14:28:35.165897',156040774981652480,'a1615011019854',8000,2008,0.0000,0.0000,0.0000,'test'),
(156045986546978816,1600000000000,'2021-03-06 14:31:02.525424',156040774981652480,'a1615011019854',8000,2008,0.0000,0.0000,0.0000,'test'),
(156045986551173120,1600000000000,'2021-03-06 14:31:02.525568',156040774981652480,'a1615011019854',8000,2008,0.0000,0.0000,0.0000,'test'),
(156054605791367168,1600000000000,'2021-03-06 15:05:17.517754',156040774981652480,'a1615011019854',8000,2008,0.0000,0.0000,0.0000,'test'),
(156054605799755776,1600000000000,'2021-03-06 15:05:17.517847',156040774981652480,'a1615011019854',8000,2008,0.0000,0.0000,0.0000,'test'),
(156082220791107584,1600000000000,'2021-03-06 16:55:01.419492',156081863398658048,'a1615020816095',8000,2008,0.0000,0.0000,0.0000,'test'),
(156082220795301888,1600000000000,'2021-03-06 16:55:01.419620',156081863398658048,'a1615020816095',8000,2008,0.0000,0.0000,0.0000,'test'),
(156151627336781824,1600000000000,'2021-03-06 21:30:49.273812',156151316735987712,'a1615037375061',8000,2008,0.0000,0.0000,0.0000,'test'),
(156151627340976128,1600000000000,'2021-03-06 21:30:49.273911',156151316735987712,'a1615037375061',8000,2008,0.0000,0.0000,0.0000,'test'),
(156152001812631552,1600000000000,'2021-03-06 21:32:18.506743',156151316735987712,'a1615037375061',8000,2008,0.0000,0.0000,0.0000,'test'),
(156152001816825856,1600000000000,'2021-03-06 21:32:18.506828',156151316735987712,'a1615037375061',8000,2008,0.0000,0.0000,0.0000,'test'),
(157158740821413888,1600000000000,'2021-03-09 16:12:43.968816',157155725330747392,'a1615276844731',8000,2008,0.0000,12.9900,12.9900,''),
(157573162878504960,1600000000000,'2021-03-10 19:39:47.103556',157572257240190976,'alpha998',8000,2008,0.0000,90.0000,90.0000,''),
(157573468039286784,1600000000000,'2021-03-10 19:40:45.604337',157572257240190976,'alpha998',8000,2008,90.0000,90.0000,180.0000,''),
(157573581927223296,1600000000000,'2021-03-10 19:41:32.909220',157572257240190976,'alpha998',8000,2008,180.0000,90.0000,270.0000,''),
(157574040993796096,1600000000000,'2021-03-10 19:43:04.084595',157572257240190976,'alpha998',8000,2008,270.0000,90.0000,360.0000,''),
(157574082945224704,1600000000000,'2021-03-10 19:43:14.164879',157572257240190976,'alpha998',8000,2008,360.0000,90.0000,450.0000,''),
(157575372945362944,1600000000000,'2021-03-10 19:49:59.358749',157572257240190976,'alpha998',8000,2008,450.0000,90.0000,540.0000,''),
(157575933543452672,1600000000000,'2021-03-10 19:50:36.882207',157572257240190976,'alpha998',8000,2008,540.0000,90.0000,630.0000,''),
(157641385640595456,1600000000000,'2021-03-11 00:10:35.259533',157641325259395072,'alpha887',8000,2008,0.0000,90.0000,90.0000,''),
(157641398697463808,1600000000000,'2021-03-11 00:10:38.347389',157641325259395072,'alpha887',8000,2008,90.0000,90.0000,180.0000,''),
(157644574670589952,1600000000000,'2021-03-11 00:23:15.690914',157644572627963904,'alpha008',8000,2008,0.0000,0.0000,0.0000,'test'),
(157644574670589954,1600000000000,'2021-03-11 00:23:15.690914',157644572627963904,'alpha008',8000,2008,0.0000,0.0000,0.0000,'test'),
(157644574670589959,1600000000000,'2021-03-11 00:23:15.690914',157644572627963904,'alpha008',8000,2008,0.0000,0.0000,0.0000,'test'),
(157644574670589966,1600000000000,'2021-03-11 00:23:15.690914',157644572627963904,'alpha008',8000,2008,0.0000,0.0000,0.0000,'test'),
(157644574670589967,1600000000000,'2021-03-11 00:23:15.690914',157644572627963904,'alpha008',8000,2008,0.0000,0.0000,0.0000,'test'),
(157644574670589968,1600000000000,'2021-03-11 00:23:15.690914',157644572627963904,'alpha008',8000,2008,0.0000,0.0000,0.0000,'test'),
(157644574670589969,1600000000000,'2021-03-11 00:23:15.690914',157644572627963904,'20100000',8000,2008,0.0000,0.0000,0.0000,'test'),
(157644574670589979,1600000000000,'2021-03-11 00:23:15.690914',157644572627963904,'2010006',8000,2008,0.0000,0.0000,0.0000,'test'),
(157644574674784256,1600000000000,'2021-03-11 00:23:15.690839',157644572627963904,'alpha008',8000,2008,0.0000,0.0000,0.0000,'test'),
(159686759435866112,1600000000000,'2021-03-16 15:38:10.312324',159686756919283712,'alpha008',8000,2008,0.0000,0.0000,0.0000,'test'),
(159686759440060416,1600000000000,'2021-03-16 15:38:10.312234',159686756919283712,'alpha008',8000,2008,0.0000,0.0000,0.0000,'test'),
(161227671018278912,1600000000000,'2021-03-20 21:41:12.278270',161227669034373120,'alpha008',8000,2008,0.0000,0.0000,0.0000,'test'),
(161227671022473216,1600000000000,'2021-03-20 21:41:12.278169',161227669034373120,'alpha008',8000,2008,0.0000,0.0000,0.0000,'test'),
(161228730298142720,1600000000000,'2021-03-20 21:45:24.817915',161228728280682496,'alpha008',8000,2008,0.0000,0.0000,0.0000,'test'),
(161228730302337024,1600000000000,'2021-03-20 21:45:24.817814',161228728280682496,'alpha008',8000,2008,0.0000,0.0000,0.0000,'test');

/*!40101 SET SQL_MODE=@OLD_SQL_MODE */;
/*!40014 SET FOREIGN_KEY_CHECKS=@OLD_FOREIGN_KEY_CHECKS */;
/*!40014 SET UNIQUE_CHECKS=@OLD_UNIQUE_CHECKS */;
/*!40111 SET SQL_NOTES=@OLD_SQL_NOTES */;
